id;code;text;language
1;support and;generating Cheese;auxiliary Beauty
2;architectures;withdrawal;orchestrate cohesive
3;Borders;Plastic Cotton;Central
4;monitor;parsing;Games SAS JBOD
5;bandwidth Berkshire zero;Incredible Movies Table;Idaho Towels facilitate
6;transmitting;ADP;Health
7;Green next-generation back-end;incubate Intranet;Open-source cross-media
8;Courts Savings District;Open-source;Creative navigate Web
9;Global utilisation bypass;Ways Towels quantify;world-class
10;synthesize;index deposit;XSS Markets
