id;name;gps_code;inneres_fenster;au_beres_fenster
1;e-business payment Fully-configurable;didactic Ergonomic;Island;pixel
2;Refined Cambridgeshire navigate;interfaces;Rubber copying Administrator;complexity
3;copy reboot deploy;Facilitator Hryvnia Small;Small Vermont;system
4;mesh;Groves International Toys;Licensed Mountain;invoice Metal Fresh
5;Islands Specialist mint;background State) Shoes;Refined;Forest Dollar state
6;haptic Berkshire;responsive;yellow;programming maximize
7;indexing Account;e-enable Virginia;alarm Functionality;one-to-one
8;wireless bus Run;client-server;Avon Keyboard;program Avon Bedfordshire
9;exuding Quetzal;Practical;input Pizza;Keyboard
10;Practical target optical;interface;Tajikistan Home even-keeled;back Kids e-tailers
