id;ibnr;ds_100;front;seite;innen;tft;terminal;ds_001_c;video;ds_009;ds_003;language
1;Holy;Account Centralized Frozen;Franc lime up;Soft Buckinghamshire Fresh;Ergonomic;Tuna fresh-thinking Lithuania;withdrawal Visionary;Crossroad;Engineer Mali Toys;Account;Cheese tertiary;HDD
2;Response;Re-engineered synthesize;alarm ADP Mouse;Account alarm;intuitive indexing Handcrafted;Operations;Avon firmware copying;Gorgeous optical;Networked;secured conglomeration;e-tailers;matrix
3;Borders Cambridgeshire Generic;hack overriding;virtual;Shoes Loan Engineer;deposit Future Plastic;Grove Liaison Integration;Practical;mesh interface seamless;context-sensitive Metrics;Station Plastic California;Solutions Buckinghamshire redefine;Central
4;Investment JSON Customizable;Bedfordshire Meadow;real-time;Electronics Metal Usability;Home quantify;Freeway;executive Corner;Lead;back mint Health;Electronics;client-driven Soap RAM;Granite Sausages Brunei
5;Associate Identity Automotive;sensor Tennessee;pixel;Kiribati;Customer sensor;Real Lakes;FTP;Cape lavender;functionalities application;Accounts conglomeration methodology;Account;empowering copy Gorgeous
6;Bond Mill;Avon functionalities array;Personal Checking;Money;Romania;experiences systemic Director;open-source;synthesize redundant Borders;interactive;Dynamic the;Personal initiative;Mongolia
7;bottom-line Som;invoice;Bike;knowledge Global;payment Concrete;Pound;Practical SSL Handmade;clicks-and-mortar;Mauritania payment generating;Intranet violet;Netherlands Pizza firewall;Producer Meadow cross-platform
8;approach;projection;Rubber Assistant;Steel;Orchestrator;maroon Gorgeous;Avon National;open-source;mission-critical Concrete;Tuvalu;Industrial Shoes;Computer Gorgeous
9;Creative Zloty;integrate EXE;Music Designer;archive;withdrawal plum;SDD platforms SAS;Virginia Cotton;application;Fish Bedfordshire Rest;Money moratorium;calculating;Summit Cheese
10;open-source;connect;Sports Borders;Baby e-business;indexing Won;web-readiness Texas Account;cross-platform Lead yellow;Bedfordshire Supervisor;deliverables;Loan digital connect;compress Handcrafted Shirt;parse
