id;code;front;seite_1;seite_2;innen;tft;terminal;language
1;orchestration;turn-key;Bypass Soft;Tasty azure Grocery;schemas Reactive Croatia;cross-platform hack;Directives;monitor
2;bus;User-friendly;wireless calculating Angola;solution New;networks Berkshire;Agent;composite Rubber copying;SSL Arizona calculating
3;Dollar Sleek;Supervisor;killer SSL;virtual dynamic THX;Marketing mint Mexico;Falkland Sausages index;Mongolia;Buckinghamshire connect connecting
4;panel;Object-based reboot;background;Expanded;Wyoming Sleek Tasty;functionalities Agent invoice;Synergized override;Quality-focused Licensed
5;Louisiana Executive synthesize;Soft;Credit Auto Motorway;Enterprise-wide e-enable;Internal Ohio;Research Island state;cross-media Berkshire;feed
6;Avon;copy extensible;Concrete Mill Branding;Brand;cross-platform;index Solutions EXE;Licensed;payment matrix product
7;deposit Towels Montenegro;auxiliary Investment Islands,;Representative Configuration Computers;cross-platform Gloves;Dollar;Games Wooden Manager;Renminbi Dominica Awesome;Associate
8;e-enable;seize grey orange;Sports;Avon Intranet Future;Savings Qatari;Auto Robust hardware;Engineer Identity Lilangeni;benchmark
9;one-to-one;Fish salmon payment;Consultant;facilitate wireless azure;product Oregon;strategy Account Personal;protocol Turkmenistan;Netherlands
10;bandwidth Direct seize;Handcrafted bandwidth-monitored program;Cotton lime SSL;Auto User-friendly generate;International;USB;Security Integration;Account Refined partnerships
